,l2_dist_x_p_p,l2_dist_y_p_p,l2_dist_euc_p_p,l2_dist_x_p_s,l2_dist_y_p_s,l2_dist_euc_p_s,l2_dist_x_final,l2_dist_y_final,l2_dist_euc_final,Det p-p (Thr=0),Det p-p (Thr=10),Det p-p (Thr=20),Det p-p (Thr=30),Det p-p (Thr=40),Det p-p (Thr=50),Det p-p (Thr=60),Det p-p (Thr=70),Det p-p (Thr=80),Det p-p (Thr=90),Det p-p (Thr=100),Det p-s (Thr=0),Det p-s (Thr=10),Det p-s (Thr=20),Det p-s (Thr=30),Det p-s (Thr=40),Det p-s (Thr=50),Det p-s (Thr=60),Det p-s (Thr=70),Det p-s (Thr=80),Det p-s (Thr=90),Det p-s (Thr=100),Det final (Thr=0),Det final (Thr=10),Det final (Thr=20),Det final (Thr=30),Det final (Thr=40),Det final (Thr=50),Det final (Thr=60),Det final (Thr=70),Det final (Thr=80),Det final (Thr=90),Det final (Thr=100)
bbox_PRED_gaze_PRED_act_PRED_blur_False,65.35631154879141,38.31781557743957,83.38963891964325,60.09221128021486,28.059982094897045,71.87480972958573,42.30170098478066,25.855863921217548,54.65266913707077,2.4171888988361685,9.579230080572962,18.531781557743958,29.543419874664277,37.8692927484333,49.14950760966876,56.31154879140555,62.66786034019696,67.41271262309758,72.24709042076992,76.6338406445837,21.665174574753802,44.852282900626676,55.95344673231871,62.04118173679498,66.6069829901522,70.00895255147717,72.87376902417189,75.55953446732319,77.17099373321396,78.51387645478961,80.48343777976723,20.053715308863026,43.15129811996419,55.59534467323187,63.1154879140555,68.57654431512982,72.60519247985677,76.72336615935542,79.14055505819158,81.46821844225605,83.07967770814683,85.6759176365264
bbox_PRED_gaze_PRED_act_PRED_blur_True,65.44046553267681,38.36436884512086,83.47097280286482,67.17367949865712,33.40286481647269,81.69299057820425,46.18263205013429,27.732318710832587,59.45889585228922,2.3276633840644583,9.489704565801253,18.442256042972247,29.364368845120858,37.69024171888988,49.14950760966876,56.222023276633834,62.578334825425245,67.32318710832588,71.97851387645478,76.45478961504028,17.905102954341988,39.12264995523724,49.328558639212176,55.416293643688455,60.16114592658908,63.65264100268576,66.96508504923904,69.3822739480752,71.79946284691137,73.32139659803045,76.00716204118174,17.00984780662489,37.69024171888988,48.88093106535363,56.669650850492395,62.578334825425245,68.84512085944495,73.41092211280214,76.18621307072516,78.78245299910475,81.55774395702775,84.42256042972247
