{"ISA": 0.006215343475341797, "DAVT": 0.021618456840515138, "HGTD": 0.020093669891357423, "Ours": 0.026866874694824218}